Datetime,Water Level (m)
2025-04-25 06:00:00,-0.60343015
2025-04-25 07:00:00,-0.72523886
2025-04-25 08:00:00,-0.65523225
2025-04-25 09:00:00,-0.39851847
2025-04-25 10:00:00,-0.029187225
2025-04-25 11:00:00,0.35418937
2025-04-25 12:00:00,0.6398837
2025-04-25 13:00:00,0.75394785
2025-04-25 14:00:00,0.6592722
2025-04-25 15:00:00,0.38684496
2025-04-25 16:00:00,-0.0004603999
2025-04-25 17:00:00,-0.42934498
2025-04-25 18:00:00,-0.7705781
2025-04-25 19:00:00,-0.951324
2025-04-25 20:00:00,-0.9320583
2025-04-25 21:00:00,-0.7051978
2025-04-25 22:00:00,-0.3116194
2025-04-25 23:00:00,0.14430478
2025-04-26 00:00:00,0.53586745
2025-04-26 01:00:00,0.7858936
2025-04-26 02:00:00,0.8319315
2025-04-26 03:00:00,0.6601121
2025-04-26 04:00:00,0.3162714
2025-04-26 05:00:00,-0.10848444
2025-04-26 06:00:00,-0.51498276
2025-04-26 07:00:00,-0.7913319
2025-04-26 08:00:00,-0.871435
2025-04-26 09:00:00,-0.71123064
2025-04-26 10:00:00,-0.376504
2025-04-26 11:00:00,0.030533368
2025-04-26 12:00:00,0.4528294
2025-04-26 13:00:00,0.7305583
2025-04-26 14:00:00,0.7846957
2025-04-26 15:00:00,0.62940043
2025-04-26 16:00:00,0.2804828
2025-04-26 17:00:00,-0.18183726
2025-04-26 18:00:00,-0.6381665
2025-04-26 19:00:00,-0.9750872
2025-04-26 20:00:00,-1.1150835
2025-04-26 21:00:00,-1.0158398
2025-04-26 22:00:00,-0.6766455
2025-04-26 23:00:00,-0.18527544
2025-04-27 00:00:00,0.31102493
2025-04-27 01:00:00,0.7093028
2025-04-27 02:00:00,0.92754495
2025-04-27 03:00:00,0.8949644
2025-04-27 04:00:00,0.64795715
2025-04-27 05:00:00,0.24676135
2025-04-27 06:00:00,-0.2229133
2025-04-27 07:00:00,-0.63720983
2025-04-27 08:00:00,-0.8910576
2025-04-27 09:00:00,-0.9139123
2025-04-27 10:00:00,-0.69622415
2025-04-27 11:00:00,-0.316986
2025-04-27 12:00:00,0.13563819
2025-04-27 13:00:00,0.5397851
2025-04-27 14:00:00,0.76523346
2025-04-27 15:00:00,0.76343167
2025-04-27 16:00:00,0.53062844
2025-04-27 17:00:00,0.11645038
2025-04-27 18:00:00,-0.3741011
2025-04-27 19:00:00,-0.80024046
2025-04-27 20:00:00,-1.077838
2025-04-27 21:00:00,-1.1367837
2025-04-27 22:00:00,-0.92756647
2025-04-27 23:00:00,-0.52145475
2025-04-28 00:00:00,-0.016598102
2025-04-28 01:00:00,0.49477056
2025-04-28 02:00:00,0.87920326
2025-04-28 03:00:00,1.0339922
2025-04-28 04:00:00,0.92657685
2025-04-28 05:00:00,0.6132175
2025-04-28 06:00:00,0.14849384
2025-04-28 07:00:00,-0.35393378
2025-04-28 08:00:00,-0.74675924
2025-04-28 09:00:00,-0.9276124
2025-04-28 10:00:00,-0.89097464
2025-04-28 11:00:00,-0.6324078
2025-04-28 12:00:00,-0.20036708
2025-04-28 13:00:00,0.25015265
2025-04-28 14:00:00,0.5780299
2025-04-28 15:00:00,0.74262774
2025-04-28 16:00:00,0.6702398
2025-04-28 17:00:00,0.36196098
2025-04-28 18:00:00,-0.071297824
2025-04-28 19:00:00,-0.54797846
2025-04-28 20:00:00,-0.9489682
2025-04-28 21:00:00,-1.1407608
2025-04-28 22:00:00,-1.1158847
2025-04-28 23:00:00,-0.8315694
2025-04-29 00:00:00,-0.36279574
2025-04-29 01:00:00,0.17085595
2025-04-29 02:00:00,0.6509395
2025-04-29 03:00:00,0.95323926
2025-04-29 04:00:00,1.0175272
2025-04-29 05:00:00,0.8552512
2025-04-29 06:00:00,0.49563876
2025-04-29 07:00:00,0.025646213
2025-04-29 08:00:00,-0.42784968
2025-04-29 09:00:00,-0.7639543
2025-04-29 10:00:00,-0.8958459
2025-04-29 11:00:00,-0.8091727
2025-04-29 12:00:00,-0.49625307
2025-04-29 13:00:00,-0.09130459
2025-04-29 14:00:00,0.3058515
2025-04-29 15:00:00,0.5727394
2025-04-29 16:00:00,0.66474575
2025-04-29 17:00:00,0.5097393
2025-04-29 18:00:00,0.22328639
2025-04-29 19:00:00,-0.156995
2025-04-29 20:00:00,-0.6060953
2025-04-29 21:00:00,-0.92822593
2025-04-29 22:00:00,-1.0612817
2025-04-29 23:00:00,-0.96818525
2025-04-30 00:00:00,-0.6710214
2025-04-30 01:00:00,-0.20494139
2025-04-30 02:00:00,0.3036495
2025-04-30 03:00:00,0.7295485
2025-04-30 04:00:00,0.9637516
2025-04-30 05:00:00,0.97282004
2025-04-30 06:00:00,0.75422484
2025-04-30 07:00:00,0.3816515
2025-04-30 08:00:00,-0.07155164
2025-04-30 09:00:00,-0.47828424
2025-04-30 10:00:00,-0.7382022
2025-04-30 11:00:00,-0.8300364
2025-04-30 12:00:00,-0.68372154
2025-04-30 13:00:00,-0.4074479
2025-04-30 14:00:00,-0.013336391
2025-04-30 15:00:00,0.33036166
2025-04-30 16:00:00,0.5198214
2025-04-30 17:00:00,0.5202124
2025-04-30 18:00:00,0.3717856
2025-04-30 19:00:00,0.074427575
2025-04-30 20:00:00,-0.31037456
2025-04-30 21:00:00,-0.65625226
2025-04-30 22:00:00,-0.88605976
2025-04-30 23:00:00,-0.9478453
2025-05-01 00:00:00,-0.8134826
2025-05-01 01:00:00,-0.48734587
2025-05-01 02:00:00,-0.047336694
2025-05-01 03:00:00,0.37876704
2025-05-01 04:00:00,0.7124911
2025-05-01 05:00:00,0.87988997
2025-05-01 06:00:00,0.833646
